嚙踝蕭嚙踝蕭,嚙踝蕭嚙踝蕭,嚙諄堆蕭嚙褒潘蕭,嚙踝蕭嚙諄勒潘蕭,嚙豌樓選蕭嚙踝蕭(嚙踝蕭),嚙踝蕭嚙踝蕭嚙談梧蕭嚙踝蕭嚙踝蕭嚙踝蕭
2017,嚙踝蕭嚙踝蕭嚙踝蕭,9409,284,376360000,2022-02-07
2017,嚙踝蕭嚙踝蕭嚙踝蕭,71771,2054,2870840000,2022-02-07
2017,嚙踝蕭纂嚙踝蕭,55222,2624,2208880000,2022-02-07
2017,嚙踝蕭嚙踐翕,10763,130,430520000,2022-02-07
2017,嚙踝撩嚙踝蕭,36472,1507,1458880000,2022-02-07
2017,嚙踝蕭嚙踐翕,8006,39,320240000,2022-02-07
2017,嚙踝蕭嚙踝蕭嚙踝蕭,9786,434,391440000,2022-02-07
2017,嚙褐餌翕,52528,610,2101120000,2022-02-07
2017,嚙請梧蕭嚙踝蕭嚙踝蕭,6561,350,262440000,2022-02-07
2017,嚙踝蕭嚙踝翕,90385,4214,3615400000,2022-02-07
2017,嚙誕選蕭嚙踝蕭,8507,220,340280000,2022-02-07
2017,嚙誹堊翕,6180,200,247200000,2022-02-07
2017,羶嚙賬翕,39243,426,1569720000,2022-02-07
2018,嚙踝蕭嚙踝蕭嚙踝蕭,8182,244,327280000,2022-02-07
2018,嚙踝蕭嚙踝蕭嚙踝蕭,48776,1213,1951040000,2022-02-07
2018,嚙踝蕭纂嚙踝蕭,43306,1631,1732240000,2022-02-07
2018,嚙踝蕭嚙踐翕,7670,83,306800000,2022-02-07
2018,嚙踝撩嚙踝蕭,30001,1160,1200040000,2022-02-07
2018,嚙踝蕭嚙踐翕,7533,40,301320000,2022-02-07
2018,嚙踝蕭嚙踝蕭嚙踝蕭,10976,667,439040000,2022-02-07
2018,嚙褐餌翕,26028,273,1041120000,2022-02-07
2018,嚙請梧蕭嚙踝蕭嚙踝蕭,4412,170,176480000,2022-02-07
2018,嚙踝蕭嚙踝翕,67609,3720,2704360000,2022-02-07
2018,嚙誕選蕭嚙踝蕭,8693,189,347720000,2022-02-07
2018,嚙誹堊翕,2669,104,106760000,2022-02-07
2018,羶嚙賬翕,27741,373,1109640000,2022-02-07
2019,嚙踝蕭嚙踝蕭嚙踝蕭,7057,1062,313970000,2022-02-07
2019,嚙踝蕭嚙踝蕭嚙踝蕭,48210,9557,1991535000,2022-02-07
2019,嚙踝蕭纂嚙踝蕭,41600,5002,1689555000,2022-02-07
2019,嚙踝蕭嚙踐翕,7882,1500,329345000,2022-02-07
2019,嚙踝撩嚙踝蕭,28419,4531,1160765000,2022-02-07
2019,嚙踝蕭嚙踐翕,4338,777,176705000,2022-02-07
2019,嚙踝蕭嚙踝蕭嚙踝蕭,10648,1645,437470000,2022-02-07
2019,嚙褐餌翕,28855,6964,1169465000,2022-02-07
2019,嚙請梧蕭嚙踝蕭嚙踝蕭,4510,1072,198390000,2022-02-07
2019,嚙踝蕭嚙踝翕,68450,12394,2759485000,2022-02-07
2019,嚙踝蕭嚙踝蕭嚙踝蕭,1268,115,51500000,2022-02-07
2019,嚙誕選蕭嚙踝蕭 ,7467,570,353840000,2022-02-07
2019,嚙誹堊翕,2664,437,110590000,2022-02-07
2019,羶嚙賬翕 ,28516,4400,1162725000,2022-02-07
2020,嚙踝蕭嚙踝蕭嚙踝蕭,4581,245,224330000,2022-02-07
2020,嚙踝蕭嚙踝蕭嚙踝蕭,27407,1165,2229425000,2022-02-07
2020,嚙踝蕭纂嚙踝蕭,24356,1241,1013160000,2022-02-07
2020,嚙踝蕭嚙踐翕,3986,150,164190000,2022-02-07
2020,嚙踝撩嚙踝蕭,15740,722,656865000,2022-02-07
2020,嚙踝蕭嚙踐翕,2598,4,106340000,2022-02-07
2020,嚙踝蕭嚙踝蕭嚙踝蕭,5003,271,209800000,2022-02-07
2020,嚙褐餌翕,15494,322,643335000,2022-02-07
2020,嚙請梧蕭嚙踝蕭嚙踝蕭,5730,458,236150000,2022-02-07
2020,嚙踝蕭嚙踝翕,35506,1754,1339210000,2022-02-07
2020,嚙誕選蕭嚙踝蕭 ,5809,442,301820000,2022-02-07
2020,嚙誹堊翕,1071,8,52500000,2022-02-07
2020,羶嚙賬翕 ,19564,500,823095000,2022-02-07
2021,嚙踝蕭嚙踝蕭嚙踝蕭,5977,259,341810000,2022-02-07
2021,嚙踝蕭嚙踝蕭嚙踝蕭,30624,810,1368970000,2022-02-07
2021,嚙踝蕭纂嚙踝蕭,29055,514,1416905000,2022-02-07
2021,嚙踝蕭嚙踐翕,5090,128,216000000,2022-02-07
2021,嚙踝撩嚙踝蕭,18128,367,758145000,2022-02-07
2021,嚙踝蕭嚙踐翕,4461,2,186930000,2022-02-07
2021,嚙踝蕭嚙踝蕭嚙踝蕭,5098,169,273135000,2022-02-07
2021,嚙褐餌翕,18610,179,800890000,2022-02-07
2021,嚙請梧蕭嚙踝蕭嚙踝蕭,8106,226,346325000,2022-02-07
2021,嚙踝蕭嚙踝翕,37982,933,1599475000,2022-02-07
2021,嚙誕選蕭嚙踝蕭 ,6028,179,375270000,2022-02-07
2021,嚙誹堊翕,1967,3,95680000,2022-02-07
2021,羶嚙賬翕 ,21038,302,914125000,2022-02-07
